{"cameraMode":{"drawMode":0,"name":"Shaded","section":"Shading Mode"},"sceneLighting":false,"audioPlay":false,"sceneViewState":{"showFog":true,"showMaterialUpdate":false,"showSkybox":false,"showFlares":true,"showImageEffects":true,"showParticleSystems":true},"in2DMode":false,"pivot":{"x":0.025509756058454515,"y":1.3360073566436768,"z":-0.509633481502533},"rotation":{"x":0.030730346217751504,"y":-0.6633234620094299,"z":0.0272771418094635,"w":0.7472038269042969},"size":4.880087852478027,"orthographic":true}