{"cameraMode":{"drawMode":0,"name":"Shaded","section":"Shading Mode"},"sceneLighting":false,"audioPlay":false,"sceneViewState":{"showFog":true,"showMaterialUpdate":false,"showSkybox":false,"showFlares":true,"showImageEffects":true,"showParticleSystems":true},"in2DMode":false,"pivot":{"x":-0.046875,"y":0.704345703125,"z":-1.65887451171875},"rotation":{"x":0.08982428163290024,"y":-0.5390498042106628,"z":0.057953350245952609,"w":0.8354629874229431},"size":3.8241357803344728,"orthographic":true}