{"cameraMode":{"drawMode":0,"name":"Shaded","section":"Shading Mode"},"sceneLighting":true,"audioPlay":false,"sceneViewState":{"showFog":true,"showMaterialUpdate":false,"showSkybox":true,"showFlares":true,"showImageEffects":true,"showParticleSystems":true},"in2DMode":false,"pivot":{"x":2.510000228881836,"y":-0.230057954788208,"z":-2.5500988960266115},"rotation":{"x":0.030259981751441957,"y":0.945917546749115,"z":-0.09252207726240158,"w":0.3094577193260193},"size":12.383936882019043,"orthographic":true}